updated_at,id,start_date,end_date,election_type,result_type,special,office,district,name_raw,last_name,first_name,suffix,middle_name,party,jurisdiction,division,votes,votes_type,total_votes,winner,write_in,year
2014-12-04 16:29:25.718000,fl-2010-01-26-special-primary,2010-01-26 00:00:00,2010-01-26 00:00:00,primary,certified,True,State Representative,058,,Sanchez,Gilberto,,'Gil',Democrat,Hillsborough,ocd-division/country:us/state:fl/county:hillsborough,212,,,,,2010
2014-12-04 16:29:25.718000,fl-2010-01-26-special-primary,2010-01-26 00:00:00,2010-01-26 00:00:00,primary,certified,True,State Representative,058,,Kemp,Patricia,,'Pat',Democrat,Hillsborough,ocd-division/country:us/state:fl/county:hillsborough,1165,,,,,2010
2014-12-04 16:29:25.718000,fl-2010-01-26-special-primary,2010-01-26 00:00:00,2010-01-26 00:00:00,primary,certified,True,State Representative,058,,Cruz,Janet,,R.,Democrat,Hillsborough,ocd-division/country:us/state:fl/county:hillsborough,1218,,,,,2010
2014-12-04 16:29:25.718000,fl-2010-01-26-special-primary,2010-01-26 00:00:00,2010-01-26 00:00:00,primary,certified,True,State Representative,058,,Rojas-Quinones,Jackie,,,Republican,Hillsborough,ocd-division/country:us/state:fl/county:hillsborough,343,,,,,2010
2014-12-04 16:29:25.718000,fl-2010-01-26-special-primary,2010-01-26 00:00:00,2010-01-26 00:00:00,primary,certified,True,State Representative,058,,Chamberlin,Hunter,,,Republican,Hillsborough,ocd-division/country:us/state:fl/county:hillsborough,357,,,,,2010
